"Species","Cluster","Population","ID","Latitude","Longitude","LTRS","WNT","EN","EF","ZMP","AML","ATPS","MP20"
"Peninsula","NBP-C","88","88_11A",29.32541,-114.29353,"01:01","","02:04","01:02","","","09:09","07:07"
"Peninsula","NBP-C","88","88_12A",29.32541,-114.29353,"01:01","01:03","01:01","01:01","01:01","08:09","09:09","07:07"
"Peninsula","NBP-C","88","88_13A",29.32541,-114.29353,"01:01","01:03","01:01","01:01","01:01","08:09","09:09","05:07"
"Peninsula","NBP-C","88","88_14A",29.32541,-114.29353,"01:01","01:01","01:02","01:01","01:01","08:09","09:09","07:07"
"Peninsula","NBP-C","88","88_15A",29.32541,-114.29353,"01:01","01:03","01:02","01:01","01:01","08:09","09:09","05:05"
"Peninsula","NBP-C","88","88_16A",29.32541,-114.29353,"01:01","01:01","01:02","01:01","01:01","09:09","09:09","07:07"
"Peninsula","NBP-C","88","88_17A",29.32541,-114.29353,"01:01","01:01","01:02","01:01","01:01","07:09","09:09","05:07"
"Peninsula","NBP-C","88","88_18A",29.32541,-114.29353,"01:01","01:01","01:02","01:01","01:01","07:07","09:09","05:07"
"Peninsula","NBP-C","88","88_19A",29.32541,-114.29353,"01:01","01:03","01:02","01:01","01:01","09:10","09:09","07:07"
"Peninsula","NBP-C","88","88_20A",29.32541,-114.29353,"01:01","01:01","01:01","01:01","01:02","07:08","09:09","07:07"
"Peninsula","NBP-C","9","9_0A",29.01457,-113.94486,"01:01","01:01","01:02","01:01","01:01","06:09","09:09","07:07"
"Peninsula","NBP-C","9","9_1A",29.01457,-113.94486,"01:01","01:01","01:02","01:01","01:01","09:09","09:09","07:07"
"Peninsula","NBP-C","9","9_2A",29.01457,-113.94486,"01:01","01:01","01:02","01:01","01:01","09:09","09:09","07:07"
"Peninsula","NBP-C","9","9_3A",29.01457,-113.94486,"01:01","01:01","01:02","01:01","01:01","06:06","09:09","07:07"
"Peninsula","NBP-C","9","9_11A",29.01457,-113.94486,"01:01","01:03","01:02","01:01","01:01","09:09","07:09","05:07"
"Peninsula","NBP-C","9","9_12A",29.01457,-113.94486,"01:01","01:01","01:01","01:01","01:01","09:09","09:09","07:07"
"Peninsula","NBP-C","9","9_16A",29.01457,-113.94486,"01:01","01:03","01:01","01:01","01:01","09:10","05:09","07:07"
"Peninsula","NBP-C","9","9_17A",29.01457,-113.94486,"01:01","01:01","01:02","01:01","01:01","07:09","09:09","07:07"
"Peninsula","NBP-C","9","9_18A",29.01457,-113.94486,"01:01","01:03","01:01","01:01","01:01","09:09","09:09","07:07"
"Peninsula","NBP-C","84","84_11A",28.96651,-113.66787,"01:01","01:03","01:01","01:01","01:01","09:09","09:09","05:07"
"Peninsula","NBP-C","84","84_12A",28.96651,-113.66787,"01:01","01:01","01:01","01:01","01:02","08:09","09:09","05:15"
"Peninsula","NBP-C","84","84_13A",28.96651,-113.66787,"01:01","01:01","01:02","01:01","01:01","07:09","07:09","07:07"
"Peninsula","NBP-C","84","84_14A",28.96651,-113.66787,"01:01","","01:01","01:02","","","05:09","07:07"
"Peninsula","NBP-C","84","84_15A",28.96651,-113.66787,"01:01","01:01","01:05","01:01","01:01","07:07","09:09","07:07"
"Peninsula","NBP-C","84","84_16A",28.96651,-113.66787,"01:01","01:01","01:01","01:01","01:01","09:09","09:09","07:07"
"Peninsula","NBP-C","84","84_17A",28.96651,-113.66787,"01:01","01:01","01:02","01:01","01:01","07:09","09:09","05:05"
"Peninsula","NBP-C","84","84_18A",28.96651,-113.66787,"01:01","01:01","01:02","01:01","01:01","09:09","09:09","05:07"
"Peninsula","NBP-C","84","84_20A",28.96651,-113.66787,"01:01","01:03","01:05","01:01","01:01","09:09","07:09","07:07"
"Peninsula","NBP-C","175","175_1A",28.72796,-113.48973,"01:01","01:01","01:02","01:01","01:02","08:09","09:09","05:07"
"Peninsula","NBP-C","175","175_2A",28.72796,-113.48973,"01:01","01:01","01:02","01:01","01:01","09:09","09:09","05:07"
"Peninsula","NBP-C","175","175_3A",28.72796,-113.48973,"01:01","01:01","01:01","01:01","02:02","09:09","09:09","05:05"
"Peninsula","NBP-C","175","175_4A",28.72796,-113.48973,"01:01","01:03","01:01","01:01","01:02","06:09","09:09","07:07"
"Peninsula","NBP-C","175","175_5A",28.72796,-113.48973,"01:01","01:01","01:01","01:01","02:02","08:09","09:09","05:07"
"Peninsula","NBP-C","175","175_6A",28.72796,-113.48973,"01:01","01:01","01:01","01:01","02:02","08:08","09:09","07:07"
"Peninsula","NBP-C","175","175_7A",28.72796,-113.48973,"01:01","03:03","01:02","01:01","02:02","09:10","09:09","05:07"
"Peninsula","NBP-C","177","177_1A",28.66056,-113.99141,"01:01","01:03","01:01","01:01","02:02","07:07","09:09","05:07"
"Peninsula","NBP-C","177","177_2A",28.66056,-113.99141,"01:01","01:01","01:01","01:01","02:02","06:09","09:09","05:07"
"Peninsula","NBP-C","177","177_3A",28.66056,-113.99141,"01:01","01:03","01:01","01:01","02:02","07:09","09:09","07:07"
"Peninsula","NBP-C","177","177_4A",28.66056,-113.99141,"01:01","01:03","01:01","01:01","01:02","06:08","09:09","07:07"
"Peninsula","NBP-C","177","177_5A",28.66056,-113.99141,"01:01","01:01","01:01","01:01","02:02","08:09","09:09","07:07"
"Peninsula","NBP-C","177","177_6A",28.66056,-113.99141,"01:01","01:03","01:01","01:01","01:01","09:10","09:09","07:07"
"Peninsula","NBP-C","177","177_7A",28.66056,-113.99141,"01:01","01:03","01:02","01:01","01:01","09:09","09:09","07:07"
"Peninsula","NBP-C","177","177_8A",28.66056,-113.99141,"01:01","01:01","01:02","01:01","01:02","06:09","09:09","07:07"
"Peninsula","NBP-C","177","177_9A",28.66056,-113.99141,"01:01","01:01","01:02","01:01","01:01","09:09","09:09","05:05"
"Peninsula","NBP-C","177","177_10A",28.66056,-113.99141,"01:01","01:01","01:02","01:01","01:01","07:09","09:09","05:08"
"Peninsula","NBP-C","173","173_1A",28.40846,-112.86985,"01:01","03:03","01:01","01:01","02:02","08:08","07:10","07:07"
"Peninsula","NBP-C","173","173_2A",28.40846,-112.86985,"01:01","03:03","01:01","01:01","02:02","09:09","09:09","07:07"
"Peninsula","NBP-C","173","173_3A",28.40846,-112.86985,"01:01","03:03","01:01","01:01","02:02","07:08","09:09","05:07"
"Peninsula","NBP-C","173","173_4A",28.40846,-112.86985,"01:02","03:03","01:01","01:01","01:02","07:09","09:09","05:05"
"Peninsula","NBP-C","173","173_5A",28.40846,-112.86985,"01:01","03:03","01:01","01:01","01:01","07:08","09:09","06:07"
"Peninsula","NBP-C","173","173_6A",28.40846,-112.86985,"01:01","03:03","01:01","01:01","02:02","07:07","07:09","05:07"
"Peninsula","NBP-C","173","173_7A",28.40846,-112.86985,"01:02","03:03","01:03","01:01","01:01","07:07","07:09","05:07"
"Peninsula","NBP-C","173","173_8A",28.40846,-112.86985,"01:01","01:03","01:01","01:01","02:02","08:08","09:09","05:07"
"Peninsula","NBP-C","173","173_9A",28.40846,-112.86985,"01:01","03:03","01:03","01:01","01:02","08:09","09:09","04:07"
"Peninsula","NBP-C","173","173_10A",28.40846,-112.86985,"01:01","01:03","01:01","01:01","02:02","08:08","09:09","06:07"
"Peninsula","NBP-C","171","171_1A",28.22308,-113.18263,"01:01","03:03","01:01","01:01","","08:09","09:09","05:06"
"Peninsula","NBP-C","171","171_2A",28.22308,-113.18263,"01:01","01:01","01:02","01:01","02:02","07:09","07:09","05:05"
"Peninsula","NBP-C","171","171_3A",28.22308,-113.18263,"01:01","01:03","01:01","01:01","02:02","08:08","09:09","05:07"
"Peninsula","NBP-C","171","171_4A",28.22308,-113.18263,"01:01","01:01","01:01","01:01","02:02","07:07","09:09","05:05"
"Peninsula","NBP-C","171","171_5A",28.22308,-113.18263,"01:01","01:03","01:01","01:01","02:02","09:09","09:09","07:07"
"Peninsula","NBP-C","171","171_6A",28.22308,-113.18263,"01:01","01:03","03:03","01:01","02:02","08:08","09:09","05:05"
"Peninsula","NBP-C","171","171_7A",28.22308,-113.18263,"01:02","03:03","01:01","01:01","01:02","07:08","09:09","07:07"
"Peninsula","NBP-C","171","171_8A",28.22308,-113.18263,"01:02","01:03","01:01","01:01","02:02","08:08","07:09","07:07"
"Peninsula","NBP-C","171","171_9A",28.22308,-113.18263,"01:01","01:03","01:01","01:01","01:02","08:09","09:09","07:07"
"Peninsula","NBP-C","171","171_10A",28.22308,-113.18263,"01:01","01:03","01:01","01:01","02:02","08:08","09:09","05:07"
"Peninsula","NBP-C","89","89_31A",28.03661,-113.39991,"01:01","03:03","01:03","01:01","02:02","07:09","09:10","05:07"
"Peninsula","NBP-C","89","89_32A",28.03661,-113.39991,"01:01","03:03","01:01","01:01","02:02","09:09","09:10","05:07"
"Peninsula","NBP-C","89","89_33A",28.03661,-113.39991,"01:01","03:03","03:03","01:01","02:02","08:09","07:09","07:08"
"Peninsula","NBP-C","89","89_34A",28.03661,-113.39991,"01:02","03:03","01:01","01:01","","07:10","09:09","07:07"
"Peninsula","NBP-C","89","89_35A",28.03661,-113.39991,"01:01","03:03","03:05","01:01","02:02","07:08","07:09","05:07"
"Peninsula","NBP-C","89","89_36A",28.03661,-113.39991,"01:01","03:03","01:01","01:01","02:02","08:09","07:07","05:07"
"Peninsula","NBP-C","89","89_37A",28.03661,-113.39991,"01:02","03:03","01:01","01:01","02:02","07:09","07:09","05:07"
"Peninsula","NBP-C","89","89_38A",28.03661,-113.39991,"01:01","03:03","01:01","01:01","02:02","07:09","09:09","05:07"
"Peninsula","NBP-C","89","89_39A",28.03661,-113.39991,"01:01","03:03","01:01","01:01","02:02","07:07","07:09","05:07"
"Peninsula","NBP-C","89","89_40A",28.03661,-113.39991,"01:01","01:03","01:01","01:01","02:02","07:07","09:09","07:07"
"Peninsula","NBP-C","159","159_11A",27.52944,-113.31609,"01:01","01:03","01:03","01:01","02:02","08:09","09:09","05:07"
"Peninsula","NBP-C","159","159_12A",27.52944,-113.31609,"01:01","01:03","02:05","01:01","02:02","07:08","09:09","04:07"
"Peninsula","NBP-C","159","159_13A",27.52944,-113.31609,"01:01","01:03","01:01","01:01","02:02","07:08","07:09","05:07"
"Peninsula","NBP-C","159","159_14A",27.52944,-113.31609,"01:01","01:03","01:01","01:01","02:02","08:11","07:09","05:07"
"Peninsula","NBP-C","159","159_15A",27.52944,-113.31609,"01:02","01:03","01:01","01:01","02:02","08:08","09:09","04:07"
"Peninsula","NBP-C","159","159_16A",27.52944,-113.31609,"01:02","03:03","01:01","01:01","02:02","07:08","09:09","05:07"
"Peninsula","NBP-C","159","159_17A",27.52944,-113.31609,"01:01","03:03","01:01","01:02","02:02","08:09","09:09","05:07"
"Peninsula","NBP-C","159","159_18A",27.52944,-113.31609,"01:01","03:03","01:01","01:01","02:02","08:09","09:09","05:07"
"Peninsula","NBP-C","159","159_19A",27.52944,-113.31609,"01:01","03:03","03:03","01:01","02:02","08:08","07:09","05:07"
"Peninsula","CBP-C","SFr","SFr_1A",27.3632,-112.964,"01:01","03:03","01:01","01:02","02:02","07:07","05:05","05:07"
"Peninsula","CBP-C","SFr","SFr_2A",27.3632,-112.964,"01:01","03:03","01:01","02:02","02:02","06:08","05:05","05:07"
"Peninsula","CBP-C","SFr","SFr_3A",27.3632,-112.964,"01:02","03:03","01:01","01:02","02:02","08:09","05:05","07:07"
"Peninsula","CBP-C","SFr","SFr_4A",27.3632,-112.964,"01:01","03:03","01:01","01:02","01:02","07:08","05:05","06:07"
"Peninsula","CBP-C","SFr","SFr_5A",27.3632,-112.964,"01:02","03:03","01:01","01:02","02:02","07:07","05:05","05:05"
"Peninsula","CBP-C","SFr","SFr_6A",27.3632,-112.964,"02:02","03:03","01:01","02:02","02:02","06:07","05:05","07:07"
"Peninsula","CBP-C","SFr","SFr_7A",27.3632,-112.964,"01:01","01:03","01:01","01:02","02:02","09:09","05:05","05:07"
"Peninsula","CBP-C","SFr","SFr_8A",27.3632,-112.964,"01:01","01:03","01:01","01:02","02:02","08:08","05:05","07:08"
"Peninsula","CBP-C","SFr","SFr_9A",27.3632,-112.964,"01:01","03:03","01:01","02:02","02:02","07:07","05:05","07:07"
"Peninsula","CBP-C","160","160_11A",27.40498,-112.52959,"01:01","03:03","01:01","02:02","01:01","08:08","05:05","06:07"
"Peninsula","CBP-C","160","160_12A",27.40498,-112.52959,"01:01","03:03","01:01","02:02","02:02","07:09","05:07","05:06"
"Peninsula","CBP-C","160","160_13A",27.40498,-112.52959,"01:02","03:03","01:01","02:02","02:02","09:09","05:05","05:05"
"Peninsula","CBP-C","160","160_14A",27.40498,-112.52959,"01:01","03:03","01:01","01:01","02:02","09:09","05:05","05:07"
"Peninsula","CBP-C","160","160_15A",27.40498,-112.52959,"01:01","01:03","01:01","02:02","02:02","02:09","05:05","04:08"
"Peninsula","CBP-C","160","160_16A",27.40498,-112.52959,"01:02","03:03","01:01","02:02","02:02","07:07","05:05","05:05"
"Peninsula","CBP-C","160","160_17A",27.40498,-112.52959,"01:01","01:04","01:01","01:01","02:02","08:08","05:05","05:06"
"Peninsula","CBP-C","160","160_18A",27.40498,-112.52959,"02:02","03:03","01:01","02:02","01:02","07:08","05:05","07:08"
"Peninsula","CBP-C","160","160_19A",27.40498,-112.52959,"01:01","01:01","01:01","01:01","02:02","06:07","05:05","05:05"
"Peninsula","CBP-C","160","160_20A",27.40498,-112.52959,"01:01","03:03","01:01","01:02","01:01","07:08","05:05","07:07"
"Peninsula","CBP-C","162","162_2A",27.2028,-112.408,"01:01","01:01","01:01","01:01","","07:07","05:05","06:06"
"Peninsula","CBP-C","162","162_3A",27.2028,-112.408,"01:01","01:03","01:01","01:01","02:02","07:13","05:05","05:05"
"Peninsula","CBP-C","162","162_4A",27.2028,-112.408,"01:01","03:03","01:01","01:02","02:02","08:08","05:05","07:07"
"Peninsula","CBP-C","162","162_5A",27.2028,-112.408,"01:02","01:01","01:01","02:02","","07:08","05:05","06:06"
"Peninsula","CBP-C","162","162_6A",27.2028,-112.408,"01:01","03:03","01:03","02:02","02:02","07:08","05:05","05:07"
"Peninsula","CBP-C","162","162_7A",27.2028,-112.408,"01:01","01:03","01:01","01:01","02:02","08:08","05:05","06:08"
"Peninsula","CBP-C","162","162_8A",27.2028,-112.408,"01:01","01:03","01:01","01:02","","07:07","05:07","05:06"
"Peninsula","CBP-C","162","162_10A",27.2028,-112.408,"01:01","03:03","01:01","02:02","01:02","08:08","05:05","05:07"
"Peninsula","CBP-C","162","162_11A",27.2028,-112.408,"01:01","01:01","01:01","02:02","02:02","07:07","05:05","05:07"
"Peninsula","CBP-C","162","162_12A",27.2028,-112.408,"01:01","01:03","01:01","01:01","02:02","05:07","05:05","05:06"
"Peninsula","CBP-C","12","12_1A",27.18232,-112.66552,"01:01","01:03","01:01","01:01","01:02","08:10","05:05","05:05"
"Peninsula","CBP-C","12","12_2A",27.18232,-112.66552,"01:02","01:03","01:01","02:02","02:02","07:07","05:05","05:07"
"Peninsula","CBP-C","12","12_3A",27.18232,-112.66552,"01:01","01:03","01:01","02:02","02:02","07:08","05:05","05:08"
"Peninsula","CBP-C","12","12_4A",27.18232,-112.66552,"01:01","03:03","01:01","02:02","01:02","08:08","05:05","04:06"
"Peninsula","CBP-C","12","12_5A",27.18232,-112.66552,"01:02","03:03","01:01","02:02","01:02","08:08","05:05","05:07"
"Peninsula","CBP-C","12","12_6A",27.18232,-112.66552,"01:01","01:03","01:01","02:02","02:02","08:08","05:05","07:07"
"Peninsula","CBP-C","12","12_7A",27.18232,-112.66552,"01:02","01:03","01:01","01:01","02:02","06:07","05:05","05:05"
"Peninsula","CBP-C","12","12_8A",27.18232,-112.66552,"01:01","03:03","01:01","01:01","01:02","01:07","05:05","07:08"
"Peninsula","CBP-C","12","12_9A",27.18232,-112.66552,"01:02","01:03","01:01","01:01","02:02","07:07","05:05","05:06"
"Peninsula","CBP-C","12","12_10A",27.18232,-112.66552,"01:01","03:03","01:01","01:02","02:02","08:08","05:05","05:05"
"Peninsula","CBP-C","161","161_1A",27.0367,-112.986,"01:01","03:03","01:01","01:02","02:02","07:09","05:05","05:07"
"Peninsula","CBP-C","161","161_2A",27.0367,-112.986,"01:01","01:03","01:01","01:02","02:02","08:09","05:05","04:06"
"Peninsula","CBP-C","161","161_3A",27.0367,-112.986,"01:01","03:03","01:01","01:02","02:02","07:08","05:05","06:07"
"Peninsula","CBP-C","161","161_4A",27.0367,-112.986,"01:01","03:03","01:01","01:02","","07:08","05:05","05:06"
"Peninsula","CBP-C","161","161_5A",27.0367,-112.986,"01:01","01:03","01:01","02:02","02:02","08:08","05:05","05:08"
"Peninsula","CBP-C","161","161_6A",27.0367,-112.986,"01:01","01:03","01:01","01:02","02:02","08:08","05:05","05:06"
"Peninsula","CBP-C","161","161_7A",27.0367,-112.986,"01:01","01:03","01:01","01:02","02:02","07:09","05:05","06:08"
"Peninsula","CBP-C","161","161_8A",27.0367,-112.986,"01:02","01:03","01:01","02:02","02:02","07:08","05:05","07:07"
"Peninsula","CBP-C","161","161_9A",27.0367,-112.986,"01:01","03:04","01:01","02:02","02:02","08:10","05:05","05:08"
"Peninsula","CBP-C","161","161_10A",27.0367,-112.986,"01:01","01:01","01:01","01:02","02:02","07:08","05:05","05:07"
"Peninsula","CBP-C","93","93_11A",26.94589,-112.04613,"01:02","03:03","01:01","01:01","02:02","07:07","05:05","07:08"
"Peninsula","CBP-C","93","93_12A",26.94589,-112.04613,"01:02","03:03","01:01","01:01","01:02","06:09","05:05","05:06"
"Peninsula","CBP-C","93","93_13A",26.94589,-112.04613,"01:01","03:03","01:01","01:02","02:02","07:09","05:05","05:07"
"Peninsula","CBP-C","93","93_14A",26.94589,-112.04613,"01:02","03:03","01:01","02:02","02:02","07:08","05:05","06:06"
"Peninsula","CBP-C","93","93_15A",26.94589,-112.04613,"01:01","01:03","01:01","01:02","02:02","08:08","05:05","06:07"
"Peninsula","CBP-C","93","93_16A",26.94589,-112.04613,"01:02","03:03","01:01","01:02","02:02","07:08","05:05","05:07"
"Peninsula","CBP-C","93","93_17A",26.94589,-112.04613,"01:01","03:03","01:01","01:02","02:02","08:08","05:05","05:05"
"Peninsula","CBP-C","93","93_18A",26.94589,-112.04613,"01:01","01:01","01:01","02:02","01:02","08:08","05:05","05:05"
"Peninsula","CBP-C","93","93_19A",26.94589,-112.04613,"01:02","03:03","01:01","01:01","","08:09","05:05","07:07"
"Peninsula","CBP-C","93","93_20A",26.94589,-112.04613,"01:02","01:01","01:01","02:02","","08:08","05:05","05:05"
"Peninsula","CBP-C","165","165_1A",26.24905,-112.40948,"01:01","03:03","01:01","01:02","02:02","08:08","05:05","06:06"
"Peninsula","CBP-C","165","165_2A",26.24905,-112.40948,"01:02","01:03","01:01","01:01","01:02","07:10","05:05","07:07"
"Peninsula","CBP-C","165","165_3A",26.24905,-112.40948,"01:01","01:01","01:04","02:02","02:02","07:08","05:05","05:07"
"Peninsula","CBP-C","165","165_4A",26.24905,-112.40948,"01:01","01:04","01:04","02:02","01:01","07:08","05:05","06:07"
"Peninsula","CBP-C","165","165_5A",26.24905,-112.40948,"01:02","01:01","01:01","01:01","02:02","07:08","05:05","05:07"
"Peninsula","CBP-C","165","165_6A",26.24905,-112.40948,"01:02","01:01","01:01","02:02","01:02","07:07","05:05","05:06"
"Peninsula","CBP-C","165","165_7A",26.24905,-112.40948,"02:02","01:04","01:01","02:02","02:02","08:08","05:05","05:08"
"Peninsula","CBP-C","165","165_9A",26.24905,-112.40948,"01:02","03:04","01:01","01:02","02:02","07:10","05:05","05:05"
"Peninsula","CBP-C","165","165_10A",26.24905,-112.40948,"01:01","01:03","01:01","02:02","01:02","08:08","05:05","05:06"
"Peninsula","CBP-C","165","165_11A",26.24905,-112.40948,"01:01","03:03","01:01","02:02","02:02","07:09","05:05","05:06"
"Peninsula","CBP-C","169","169_1A",26.20876,-111.37833,"01:01","01:04","01:01","02:02","02:02","07:07","05:05","05:05"
"Peninsula","CBP-C","169","169_2A",26.20876,-111.37833,"01:02","03:03","01:01","01:02","01:02","07:07","05:05","05:05"
"Peninsula","CBP-C","169","169_3A",26.20876,-111.37833,"01:02","03:03","01:01","02:02","02:02","07:08","05:05","05:07"
"Peninsula","CBP-C","169","169_4A",26.20876,-111.37833,"01:01","03:04","01:01","02:02","01:02","07:08","05:05","05:06"
"Peninsula","CBP-C","169","169_5A",26.20876,-111.37833,"01:01","01:03","01:01","01:02","02:02","07:09","05:05","05:05"
"Peninsula","CBP-C","169","169_6A",26.20876,-111.37833,"01:02","03:04","01:01","01:01","01:02","08:08","05:05","05:07"
"Peninsula","CBP-C","169","169_7A",26.20876,-111.37833,"01:01","03:03","01:01","01:02","01:02","08:09","05:05","05:07"
"Peninsula","CBP-C","169","169_8A",26.20876,-111.37833,"01:02","01:03","01:01","01:02","01:02","07:07","05:05","07:07"
"Peninsula","CBP-C","169","169_9A",26.20876,-111.37833,"01:02","01:03","01:01","01:02","02:02","07:08","05:05","05:08"
"Peninsula","CBP-C","169","169_10A",26.20876,-111.37833,"02:02","01:01","01:01","02:02","02:02","08:09","05:05","05:07"
"Peninsula","CBP-C","58","58_11A",26.0155,-111.35475,"02:02","03:03","01:01","02:02","02:02","07:07","05:05","05:07"
"Peninsula","CBP-C","58","58_12A",26.0155,-111.35475,"02:02","01:03","01:01","02:02","01:02","09:09","05:05","05:07"
"Peninsula","CBP-C","58","58_13A",26.0155,-111.35475,"01:02","01:03","01:01","02:02","01:02","08:08","05:05","05:05"
"Peninsula","CBP-C","58","58_14A",26.0155,-111.35475,"01:02","03:03","01:01","02:02","02:02","07:07","05:05","05:07"
"Peninsula","CBP-C","58","58_15A",26.0155,-111.35475,"01:02","03:03","01:01","02:02","01:02","08:08","05:05","05:07"
"Peninsula","CBP-C","58","58_17A",26.0155,-111.35475,"02:02","01:01","01:01","02:02","01:02","08:09","05:05","05:05"
"Peninsula","CBP-C","58","58_18A",26.0155,-111.35475,"02:02","03:03","01:01","02:02","02:02","07:07","05:05","05:08"
"Peninsula","CBP-C","58","58_19A",26.0155,-111.35475,"01:02","03:03","01:01","02:02","02:02","07:07","05:05","05:05"
"Peninsula","CBP-C","58","58_20A",26.0155,-111.35475,"02:02","03:03","01:01","02:02","02:02","07:08","05:05","05:07"
"Peninsula","CBP-C","166","166_1A",25.91409,-112.08062,"02:02","01:03","01:01","01:01","02:02","07:09","05:05","05:05"
"Cape","SCBP-A","166","166_2A",25.91409,-112.08062,"01:01","02:02","01:02","01:01","02:02","03:04","03:03","18:18"
"Peninsula","CBP-C","166","166_3A",25.91409,-112.08062,"01:01","03:03","01:01","02:02","02:02","05:09","05:05","05:08"
"Peninsula","CBP-C","166","166_4A",25.91409,-112.08062,"01:01","01:03","01:01","02:02","02:02","07:08","05:05","06:06"
"Peninsula","CBP-C","166","166_5A",25.91409,-112.08062,"01:01","01:03","01:01","02:02","01:01","08:08","05:05","05:05"
"Cape","SCBP-A","166","166_6A",25.91409,-112.08062,"02:02","02:02","02:02","01:01","02:02","04:04","03:03","18:18"
"Peninsula","CBP-C","166","166_7A",25.91409,-112.08062,"01:02","03:03","01:01","02:02","02:02","07:08","05:05","05:08"
"Peninsula","CBP-C","166","166_8A",25.91409,-112.08062,"01:02","03:03","01:01","02:02","02:02","07:08","05:05","05:07"
"Peninsula","CBP-C","166","166_9A",25.91409,-112.08062,"01:01","03:03","01:01","02:02","02:02","05:05","05:05","05:07"
"Peninsula","CBP-C","166","166_10A",25.91409,-112.08062,"01:01","03:03","01:01","02:02","01:02","07:07","05:05","05:05"
"Peninsula","CBP-C","64","64_5A",25.60521,-111.32638,"01:02","03:03","01:01","02:02","01:02","07:07","05:05","07:07"
"Peninsula","CBP-C","64","64_6A",25.60521,-111.32638,"01:01","01:03","01:01","02:02","01:02","07:07","05:05","07:07"
"Peninsula","CBP-C","64","64_7A",25.60521,-111.32638,"01:01","01:03","01:01","02:02","01:01","06:06","05:05","07:07"
"Peninsula","CBP-C","64","64_8A",25.60521,-111.32638,"01:01","01:03","01:01","02:02","01:02","06:08","05:05","07:07"
"Peninsula","CBP-C","64","64_14A",25.60521,-111.32638,"02:02","01:03","01:01","02:02","01:01","07:07","05:05","07:07"
"Peninsula","CBP-C","168","168_1A",25.55757,-111.21563,"01:01","03:03","01:01","02:02","01:01","07:08","05:05","05:07"
"Peninsula","CBP-C","168","168_2A",25.55757,-111.21563,"01:01","01:03","01:01","02:02","01:01","07:09","05:05","06:07"
"Peninsula","CBP-C","168","168_3A",25.55757,-111.21563,"01:02","03:03","01:04","02:02","01:01","07:07","05:05","06:06"
"Peninsula","CBP-C","168","168_4A",25.55757,-111.21563,"01:02","03:03","01:04","02:02","01:02","07:08","05:05","07:07"
"Peninsula","CBP-C","168","168_5A",25.55757,-111.21563,"01:02","03:03","01:01","02:02","01:02","07:09","05:05","06:07"
"Peninsula","CBP-C","168","168_6A",25.55757,-111.21563,"01:01","03:03","01:01","02:02","01:01","08:08","05:05","05:06"
"Peninsula","CBP-C","168","168_7A",25.55757,-111.21563,"01:01","03:04","01:01","02:02","01:01","08:08","05:05","05:07"
"Peninsula","CBP-C","168","168_8A",25.55757,-111.21563,"01:01","03:04","01:01","02:02","01:02","07:09","05:05","07:07"
"Peninsula","CBP-C","168","168_9A",25.55757,-111.21563,"01:02","01:03","01:01","02:02","02:02","08:08","05:05","05:05"
"Peninsula","CBP-C","168","168_10A",25.55757,-111.21563,"01:02","01:03","01:01","02:02","01:02","07:07","05:05","06:06"
"Peninsula","CBP-C","51","51_13A",25.34819,-111.60056,"02:02","03:05","01:01","02:02","01:02","08:08","05:05","05:05"
"Peninsula","CBP-C","51","51_15A",25.34819,-111.60056,"02:02","03:05","01:01","02:02","02:02","06:07","05:05","05:07"
"Peninsula","CBP-C","51","51_16A",25.34819,-111.60056,"02:02","03:04","01:01","02:02","01:02","08:08","05:05","05:06"
"Peninsula","CBP-C","51","51_17A",25.34819,-111.60056,"01:02","03:03","01:01","02:02","01:02","07:08","05:05","05:05"
"Peninsula","CBP-C","51","51_18A",25.34819,-111.60056,"02:02","03:03","01:01","02:02","01:02","07:07","05:05","05:05"
"Peninsula","CBP-C","51","51_19A",25.34819,-111.60056,"01:02","03:03","01:01","02:02","01:02","08:08","05:05","05:07"
"Peninsula","CBP-C","51","51_20A",25.34819,-111.60056,"02:02","03:03","01:01","02:02","01:02","08:08","05:05","05:05"
"Cape","SCBP-A","Const","Con_1A",25.0247,-111.675,"01:02","02:02","02:02","01:01","02:02","04:04","03:03","18:18"
"Cape","SCBP-A","Const","Con_2A",25.0247,-111.675,"02:02","02:02","01:01","01:01","02:02","03:03","03:03","19:19"
"Cape","SCBP-A","Const","Con_3A",25.0247,-111.675,"02:02","02:02","01:01","01:01","02:02","04:04","03:03","18:18"
"Peninsula","CBP-C","Const","Con_4A",25.0247,-111.675,"02:02","01:01","01:01","01:01","01:02","08:08","05:05","05:07"
"Cape","SCBP-A","Const","Con_5A",25.0247,-111.675,"01:02","01:01","01:01","01:02","","","09:09","18:18"
"Cape","SCBP-A","Const","Con_6A",25.0247,-111.675,"02:02","02:02","02:02","01:01","02:02","04:04","03:03","18:19"
"Cape","SCBP-A","Const","Con_7A",25.0247,-111.675,"02:02","02:02","01:02","01:01","02:02","03:04","03:03","18:18"
"Peninsula","CBP-C","Const","Con_8A",25.0247,-111.675,"01:02","01:01","01:01","02:02","02:02","07:08","05:05","05:05"
"Cape","SCBP-A","Const","Con_9A",25.0247,-111.675,"02:02","02:02","02:02","01:01","02:02","03:03","03:03","18:18"
"Cape","SCBP-A","Const","Con_10A",25.0247,-111.675,"02:02","02:02","02:02","01:01","02:02","03:04","03:03","18:18"
"Peninsula","CBP-C","Const","Con_11A",25.0247,-111.675,"01:02","01:04","01:01","01:02","01:02","08:08","05:05","05:05"
"Peninsula","CBP-C","77","77_11A",24.87611,-110.69175,"01:02","03:04","01:01","01:01","02:02","07:07","05:05","06:06"
"Peninsula","CBP-C","77","77_12A",24.87611,-110.69175,"01:01","03:03","01:01","02:02","02:02","07:07","05:05","05:06"
"Peninsula","CBP-C","77","77_13A",24.87611,-110.69175,"01:01","03:03","01:01","01:01","02:02","07:07","05:05","06:06"
"Cape","SCBP-A","77","77_14A",24.87611,-110.69175,"02:02","02:02","01:01","01:01","02:02","04:04","03:03","18:18"
"Peninsula","CBP-C","77","77_15A",24.87611,-110.69175,"01:02","03:03","01:01","01:02","02:02","07:08","05:05","05:06"
"Peninsula","CBP-C","77","77_16A",24.87611,-110.69175,"01:02","03:03","01:01","01:01","02:02","07:07","05:05","06:06"
"Peninsula","CBP-C","77","77_17A",24.87611,-110.69175,"02:02","03:03","01:01","02:02","02:02","07:08","05:05","05:06"
"Peninsula","CBP-C","77","77_18A",24.87611,-110.69175,"01:01","03:03","01:01","01:01","02:02","07:08","05:05","06:07"
"Peninsula","CBP-C","77","77_19A",24.87611,-110.69175,"01:01","03:03","01:01","01:01","02:02","07:07","05:05","06:06"
"Peninsula","CBP-C","77","77_20A",24.87611,-110.69175,"01:02","03:03","01:01","01:01","02:02","09:09","05:05","05:06"
"Cape","SCBP-A","164","164_12A",24.74642,-111.5441,"01:01","01:02","01:02","01:01","02:02","03:04","03:03","18:18"
"Peninsula","CBP-C","164","164_13A",24.74642,-111.5441,"01:02","01:04","01:01","02:02","02:02","08:08","05:05","05:06"
"Cape","SCBP-A","164","164_14A",24.74642,-111.5441,"02:02","02:02","02:02","01:01","02:02","03:05","03:03","18:18"
"Peninsula","CBP-C","164","164_15A",24.74642,-111.5441,"02:02","01:01","01:01","01:02","01:01","08:08","05:05","05:05"
"Peninsula","CBP-C","164","164_16A",24.74642,-111.5441,"02:02","01:04","01:01","01:01","01:02","07:08","05:05","05:05"
"Peninsula","CBP-C","164","164_18A",24.74642,-111.5441,"02:02","01:01","01:01","02:02","01:01","07:08","05:05","05:05"
"Peninsula","CBP-C","164","164_19A",24.74642,-111.5441,"02:02","04:04","01:01","01:02","01:02","08:08","05:05","05:06"
"Peninsula","CBP-C","164","164_20A",24.74642,-111.5441,"01:02","01:03","01:01","02:02","01:02","08:08","05:05","05:05"
"Peninsula","CBP-C","164","164_21A",24.74642,-111.5441,"01:01","01:03","01:01","01:02","02:02","08:08","05:05","05:05"
"Peninsula","CBP-C","164","164_22A",24.74642,-111.5441,"01:02","04:04","01:01","02:02","01:02","08:08","05:05","05:05"
"Cape","SCBP-A","75","75_28A",24.58843,-110.74599,"02:02","02:02","01:01","01:01","02:02","05:05","03:03","18:19"
"Cape","SCBP-A","75","75_29A",24.58843,-110.74599,"01:02","","01:01","02:02","","","03:03","18:18"
"Cape","SCBP-A","75","75_30A",24.58843,-110.74599,"02:02","02:02","01:02","01:02","","","02:02","18:18"
"Cape","SCBP-A","75","75_31A",24.58843,-110.74599,"02:02","02:02","01:02","01:01","02:02","04:04","03:03","18:18"
"Cape","SCBP-A","75","75_32A",24.58843,-110.74599,"02:02","02:02","01:02","01:01","02:02","05:05","03:03","17:18"
"Cape","SCBP-A","75","75_33A",24.58843,-110.74599,"02:02","02:02","01:02","01:01","02:02","05:05","03:03","17:17"
"Cape","SCBP-A","75","75_34A",24.58843,-110.74599,"01:02","02:02","01:01","01:02","","","03:03","17:18"
"Cape","SCBP-A","75","75_35A",24.58843,-110.74599,"02:02","02:02","01:02","01:01","02:02","04:04","03:03","17:17"
"Cape","SCBP-A","75","75_36A",24.58843,-110.74599,"02:02","02:02","01:02","01:01","02:02","05:05","03:03","18:18"
"Peninsula","SBP-C","75","75_37A",24.58843,-110.74599,"02:02","03:03","01:01","01:01","02:02","06:06","08:08","10:10"
"Cape","SCBP-A","75","75_38A",24.58843,-110.74599,"02:02","02:02","01:02","01:01","02:02","04:04","03:03","18:18"
"Cape","SCBP-A","163","163_1A",24.2115,-110.951,"02:02","02:02","02:02","01:01","02:02","03:05","03:03","18:18"
"Peninsula","SBP-C","163","163_2A",24.2115,-110.951,"02:02","03:03","01:01","01:01","02:02","06:06","08:08","10:11"
"Peninsula","SBP-C","163","163_3A",24.2115,-110.951,"02:02","03:03","01:01","01:01","02:02","06:06","08:08","11:11"
"Peninsula","SBP-C","163","163_4A",24.2115,-110.951,"02:02","03:03","01:01","01:01","02:02","06:06","08:08","11:11"
"Peninsula","SBP-C","163","163_5A",24.2115,-110.951,"02:02","03:03","01:01","01:01","02:02","06:06","08:08","11:11"
"Cape","SCBP-A","163","163_6A",24.2115,-110.951,"01:02","02:02","02:02","01:01","02:02","03:05","03:03","18:18"
"Peninsula","SBP-C","163","163_7A",24.2115,-110.951,"02:02","03:03","01:01","01:01","02:02","06:06","08:08","11:11"
"Peninsula","SBP-C","163","163_9A",24.2115,-110.951,"02:02","03:03","01:01","01:01","02:02","06:06","08:08","10:11"
"Cape","SCBP-A","163","163_11A",24.2115,-110.951,"01:02","02:02","02:02","01:01","02:02","03:03","03:03","18:18"
"Peninsula","SBP-C","163","163_12A",24.2115,-110.951,"02:02","03:03","01:01","01:01","02:02","06:06","08:08","11:11"
"Peninsula","SBP-C","ESan","167_1A",24.45879,-110.36857,"02:02","03:03","01:01","01:01","02:02","06:06","05:05","11:11"
"Cape","SCBP-A","ESan","167_2A",24.45879,-110.36857,"02:02","02:02","02:02","01:01","02:02","04:04","03:03","18:18"
"Cape","SCBP-A","ESan","167_3A",24.45879,-110.36857,"02:02","02:02","02:02","01:01","02:02","05:05","03:03","18:18"
"Peninsula","SBP-C","ESan","167_4A",24.45879,-110.36857,"02:02","03:03","01:01","01:01","02:02","06:06","08:08","10:11"
"Cape","SCBP-A","ESan","167_5A",24.45879,-110.36857,"02:02","02:02","02:02","01:01","02:02","04:04","03:03","18:18"
"Cape","SCBP-A","ESan","167_6A",24.45879,-110.36857,"02:02","02:02","01:02","01:01","02:02","04:04","03:03","18:18"
"Cape","SCBP-A","ESan","167_7A",24.45879,-110.36857,"02:02","01:02","01:02","01:01","02:02","04:04","03:03","18:18"
"Cape","SCBP-A","ESan","167_7B",24.45879,-110.36857,"02:02","01:02","01:02","01:01","02:02","04:04","03:03","17:17"
"Peninsula","CBP-C","153","153_11A",24.13389,-110.46236,"02:02","01:03","01:01","02:02","01:01","07:08","05:05","07:07"
"Peninsula","CBP-C","153","153_12A",24.13389,-110.46236,"02:02","03:03","01:01","02:02","02:02","07:07","05:05","05:05"
"Peninsula","CBP-C","153","153_13A",24.13389,-110.46236,"02:02","01:03","01:01","02:02","02:02","07:09","05:05","05:05"
"Peninsula","CBP-C","153","153_14A",24.13389,-110.46236,"01:02","01:03","01:01","02:02","02:02","07:07","05:05","05:05"
"Peninsula","CBP-C","153","153_15A",24.13389,-110.46236,"02:02","03:03","01:01","02:02","02:02","07:07","05:05","05:05"
"Peninsula","CBP-C","153","153_16A",24.13389,-110.46236,"01:02","01:03","01:01","02:02","02:02","07:07","05:05","05:07"
"Peninsula","CBP-C","153","153_17A",24.13389,-110.46236,"02:02","01:03","01:01","02:02","02:02","08:08","05:05","05:05"
"Peninsula","CBP-C","153","153_18A",24.13389,-110.46236,"02:02","01:03","01:01","02:02","02:02","08:08","05:05","05:05"
"Peninsula","CBP-C","153","153_19A",24.13389,-110.46236,"02:02","01:03","01:01","02:02","02:02","07:08","05:05","05:08"
"Peninsula","CBP-C","153","153_20A",24.13389,-110.46236,"01:02","01:03","01:01","02:02","02:02","07:08","05:05","05:06"
"Cape","SCBP-A","48","48_11A",24.21441,-110.27252,"02:02","02:02","02:02","01:01","02:02","04:04","03:03","18:18"
"Cape","SCBP-A","48","48_12A",24.21441,-110.27252,"02:02","02:02","02:02","01:01","02:02","04:04","01:01","17:17"
"Cape","SCBP-A","48","48_13A",24.21441,-110.27252,"02:02","02:02","02:02","01:01","02:02","04:04","03:03","18:18"
"Cape","SCBP-A","48","48_14A",24.21441,-110.27252,"02:02","02:02","02:02","01:01","02:02","04:04","03:03","18:18"
"Cape","SCBP-A","48","48_15A",24.21441,-110.27252,"02:02","02:02","02:02","01:01","02:02","04:04","03:03","18:18"
"Cape","SCBP-A","48","48_16A",24.21441,-110.27252,"02:02","02:02","02:02","01:01","02:02","04:04","03:03","18:18"
"Cape","SCBP-A","48","48_17A",24.21441,-110.27252,"02:02","02:02","02:02","01:01","02:02","04:04","03:03","17:18"
"Cape","SCBP-A","48","48_18A",24.21441,-110.27252,"02:02","02:02","02:02","01:01","02:02","04:04","03:03","17:17"
"Cape","SCBP-A","48","48_19A",24.21441,-110.27252,"02:02","02:02","02:02","01:01","02:02","05:05","03:03","18:18"
"Cape","SCBP-A","48","48_20A",24.21441,-110.27252,"02:02","02:02","02:02","01:01","02:02","04:04","03:03","18:18"
"Cape","SCBP-A","156","156_11A",24.0438,-109.989,"02:02","02:02","02:02","01:01","02:02","05:05","03:03","18:18"
"Cape","SCBP-A","156","156_12A",24.0438,-109.989,"02:02","02:02","01:02","01:01","02:02","04:04","03:03","17:17"
"Cape","SCBP-A","156","156_13A",24.0438,-109.989,"02:02","02:02","01:02","01:01","02:02","04:04","03:06","18:18"
"Cape","SCBP-A","156","156_14A",24.0438,-109.989,"02:02","02:02","02:02","01:01","02:02","04:04","03:03","18:18"
"Cape","SCBP-A","156","156_15A",24.0438,-109.989,"02:02","01:01","02:02","01:01","02:02","04:04","03:03","16:17"
"Cape","SCBP-A","156","156_16A",24.0438,-109.989,"02:02","02:02","02:02","01:01","02:02","05:05","03:03","17:18"
"Cape","SCBP-A","157","157_14A",24.0195,-110.096,"02:02","02:02","02:02","01:01","02:02","05:05","03:03","17:18"
"Cape","SCBP-A","157","157_15A",24.0195,-110.096,"02:02","02:02","01:02","01:01","02:02","04:04","03:03","17:18"
"Peninsula","SBP-C","157","157_16A",24.0195,-110.096,"02:02","01:03","01:01","01:01","02:02","06:06","05:05","11:11"
"Cape","SCBP-A","157","157_17A",24.0195,-110.096,"02:02","02:02","01:02","01:01","02:02","04:04","03:06","17:17"
"Cape","SCBP-A","157","157_18A",24.0195,-110.096,"02:02","02:02","01:02","01:01","02:02","04:04","03:06","18:18"
"Peninsula","SBP-C","157","157_19A",24.0195,-110.096,"02:02","03:03","01:01","01:01","02:02","06:06","05:07","11:11"
"Cape","SCBP-A","157","157_20A",24.0195,-110.096,"02:02","02:02","01:02","01:01","02:02","04:04","03:03","18:18"
"Cape","SCBP-A","157","157_21A",24.0195,-110.096,"02:02","02:02","01:02","01:01","02:02","04:04","03:03","18:18"
"Cape","SCBP-A","157","157_22A",24.0195,-110.096,"02:02","02:02","02:02","01:01","02:02","04:04","03:03","17:18"
"Cape","SCBP-A","157","157_23A",24.0195,-110.096,"02:02","02:02","02:02","01:01","02:02","04:04","03:03","17:17"
"Peninsula","SBP-C","73","73_11A",24.00789,-109.85071,"02:02","03:03","01:01","01:01","02:02","06:07","05:05","11:11"
"Cape","SCBP-A","73","73_12A",24.00789,-109.85071,"02:02","02:02","01:02","01:01","02:02","04:04","03:03","18:18"
"Cape","SCBP-A","73","73_13A",24.00789,-109.85071,"02:02","02:02","01:02","01:01","02:02","05:05","03:03","18:19"
"Cape","SCBP-A","73","73_14A",24.00789,-109.85071,"02:02","02:02","01:02","01:01","02:02","05:05","03:03","17:17"
"Cape","SCBP-A","73","73_15A",24.00789,-109.85071,"02:02","02:02","01:02","01:01","","05:05","03:03","18:18"
"Peninsula","SBP-C","73","73_16A",24.00789,-109.85071,"02:02","03:03","01:01","01:01","02:02","06:07","05:05","10:11"
"Cape","SCBP-A","73","73_17A",24.00789,-109.85071,"02:02","02:02","01:02","01:01","02:02","04:04","03:03","18:18"
"Cape","SCBP-A","73","73_18A",24.00789,-109.85071,"02:02","02:02","01:02","01:01","02:02","04:04","03:03","18:18"
"Cape","SCBP-A","73","73_19A",24.00789,-109.85071,"02:02","02:02","01:02","01:01","02:02","05:05","03:03","18:18"
"Cape","SCBP-A","73","73_20A",24.00789,-109.85071,"02:02","02:02","01:02","01:01","02:02","05:05","03:03","18:18"
"Cape","SCBP-A","Aqu","174_11A",23.2855,-110.10429,"01:02","02:02","01:02","01:01","02:02","05:05","03:03","18:18"
"Peninsula","SBP-C","Aqu","174_12A",23.2855,-110.10429,"02:02","03:03","01:01","01:01","02:02","06:06","05:05","11:11"
"Peninsula","SBP-C","Aqu","174_13A",23.2855,-110.10429,"02:02","03:03","01:01","01:01","02:02","06:06","05:05","10:10"
"Cape","SCBP-A","Aqu","174_14A",23.2855,-110.10429,"01:02","02:02","01:01","01:01","02:02","04:04","03:03","18:19"
"Cape","SCBP-A","Aqu","174_15A",23.2855,-110.10429,"02:02","02:02","02:02","01:01","02:02","04:04","03:03","18:18"
"Peninsula","CBP-C","Aqu","174_16A",23.2855,-110.10429,"01:02","","","01:02","","","02:02",""
"Cape","SCBP-A","Aqu","174_17A",23.2855,-110.10429,"02:02","02:02","02:02","01:01","02:02","04:04","03:03","18:18"
"Peninsula","SBP-C","Aqu","174_18A",23.2855,-110.10429,"02:02","03:03","01:01","01:01","02:02","05:06","05:05","11:11"
"Cape","SCBP-A","Mat","Mat1_1A",23.08984,-110.1091,"02:02","01:01","02:02","01:01","02:02","04:04","03:03","18:18"
"Cape","SCBP-A","Mat","Mat1_1B",23.08984,-110.1091,"02:02","01:02","02:02","01:01","02:02","04:04","03:03","18:18"
"Cape","SCBP-A","Mat","Mat1_1C",23.08984,-110.1091,"02:02","01:01","02:02","01:01","02:02","05:05","03:03","17:18"
"Cape","SCBP-A","Mat","Mat1_1D",23.08984,-110.1091,"02:02","01:01","02:02","01:01","02:02","05:05","03:03","18:18"
"Peninsula","CBP-C","Mat","Mat1_3A",23.08984,-110.1091,"01:02","","","01:02","","","05:05",""
"Peninsula","SBP-C","98","98_12A",23.0757,-109.64869,"02:02","03:03","01:01","01:01","02:02","06:06","05:05","10:11"
"Cape","SCBP-A","98","98_13A",23.0757,-109.64869,"02:02","01:01","02:02","01:01","02:02","05:05","03:03","18:18"
"Cape","SCBP-A","98","98_14A",23.0757,-109.64869,"02:02","01:01","02:02","01:01","02:02","05:05","03:03","18:18"
"Cape","SCBP-A","98","98_15A",23.0757,-109.64869,"02:02","01:01","02:02","01:01","02:02","05:05","03:03","18:18"
"Mainland","SON-B","101","101_1A",27.90509,-110.57436,"01:02","","01:01","","","","02:02",""
"Mainland","SON-B","101","101_2A",27.90509,-110.57436,"02:02","01:01","01:01","01:01","","","02:02","13:13"
"Mainland","SON-B","101","101_3A",27.90509,-110.57436,"01:02","","01:01","01:02","","","09:09",""
"Mainland","SON-B","101","101_4A",27.90509,-110.57436,"02:02","01:01","03:03","01:02","01:01","11:11","02:02","13:14"
"Mainland","SON-B","101","101_5A",27.90509,-110.57436,"01:02","01:01","01:01","01:02","","08:08","04:04","12:12"
"Mainland","SON-B","101","101_6A",27.90509,-110.57436,"01:02","01:01","03:03","01:02","","","02:02","12:12"
"Mainland","SON-B","101","101_8A",27.90509,-110.57436,"02:02","01:01","03:03","01:01","","","02:02","02:12"
"Mainland","SON-B","101","101_9A",27.90509,-110.57436,"01:02","","01:01","","","","02:09",""
"Mainland","SON-B","101","101_10A",27.90509,-110.57436,"02:02","01:01","01:03","01:01","","","02:09","11:12"
"Mainland","SON-B","32","32_1A",26.63783,-109.327,"01:02","01:03","01:01","01:02","02:02","","02:02","12:13"
"Mainland","SON-B","32","32_3A",26.63783,-109.327,"02:02","01:01","03:03","01:01","02:02","11:11","02:04","13:13"
"Mainland","SON-B","32","32_4A",26.63783,-109.327,"02:02","01:01","03:04","01:01","02:02","11:11","02:02","03:12"
"Mainland","SON-B","32","32_5A",26.63783,-109.327,"01:02","01:01","03:03","01:01","02:02","11:11","02:02","03:13"
"Mainland","SON-B","32","32_6A",26.63783,-109.327,"02:02","01:01","03:03","01:01","02:02","11:11","02:02","12:12"
"Mainland","SON-B","32","32_7A",26.63783,-109.327,"02:02","01:01","03:03","01:01","02:02","11:11","02:02","12:13"
"Mainland","SON-B","32","32_8A",26.63783,-109.327,"01:02","01:01","03:03","01:01","02:02","11:11","02:02","02:14"
"Mainland","SON-B","32","32_9A",26.63783,-109.327,"02:02","01:01","03:03","01:01","02:02","12:12","02:03","12:12"
"Mainland","SON-B","32","32_10A",26.63783,-109.327,"02:02","01:01","03:03","01:01","02:02","12:12","02:02","13:13"
"Mainland","SON-B","32","32_12A",26.63783,-109.327,"02:02","01:01","03:03","01:01","02:02","11:11","02:02","02:10"
"Mainland","SON-B","32","32_14A",26.63783,-109.327,"01:01","01:01","03:04","01:01","02:02","12:12","02:02","11:13"
"Mainland","SON-B","32","32_16A",26.63783,-109.327,"01:02","01:01","03:04","01:01","02:02","08:12","02:04","01:12"
"Mainland","SON-B","32","32_18A",26.63783,-109.327,"01:02","01:01","04:04","01:01","02:02","11:11","02:02","03:13"
"Mainland","SON-B","32","32_20A",26.63783,-109.327,"02:02","01:01","03:04","01:01","02:02","10:11","02:02","11:11"
"Mainland","SON-B","32","32_43A",26.63783,-109.327,"01:02","01:01","03:03","01:01","02:02","12:12","02:02","10:13"
"Mainland","SON-B","32","32_44A",26.63783,-109.327,"02:02","01:01","03:03","01:01","02:02","12:12","02:02","02:10"
"Mainland","SON-B","32","32_45A",26.63783,-109.327,"01:02","01:01","03:04","01:01","02:02","08:11","02:02","02:14"
"Mainland","SON-B","32","32_46A",26.63783,-109.327,"02:02","01:01","03:03","01:01","02:02","11:11","02:02","03:13"
"Mainland","SON-B","32","32_47A",26.63783,-109.327,"02:02","01:01","03:04","01:01","02:02","11:11","02:02","11:12"
"Mainland","SON-B","102","102_11A",26.38014,-109.12633,"02:02","","01:03","01:02","","","02:09","09:09"
"Mainland","SON-B","102","102_13A",26.38014,-109.12633,"01:02","01:01","03:03","01:02","","","02:02","03:12"
"Mainland","SON-B","102","102_14A",26.38014,-109.12633,"01:02","","","01:02","","","02:02","02:05"
"Mainland","SON-B","102","102_15A",26.38014,-109.12633,"01:02","01:01","03:03","01:01","","","02:02","11:12"
"Mainland","SON-B","102","102_16A",26.38014,-109.12633,"01:02","","03:03","01:02","","11:11","02:02","11:13"
"Mainland","SON-B","102","102_17A",26.38014,-109.12633,"02:02","01:01","01:01","01:01","","","02:02","12:12"
"Mainland","SON-B","102","102_18A",26.38014,-109.12633,"01:02","01:01","03:03","01:02","","","02:02","12:12"
"Mainland","SON-B","102","102_19A",26.38014,-109.12633,"02:02","01:01","03:03","01:02","","","02:02","03:13"
